Date,Day,HomeTeam,AwayTeam,Stadium,Attendance,StandingsDate,HomeWinPct,AwayWinPct,WinPctGap,HomeRank,AwayRank,RankGap,WeekendDummy,HomeTeamOverallRank,AnalysisSample
2026-03-29,Sun,SSG,KIA,Munhak,23000,2026-03-28,1.0,0.0,1.0,1,6,5,1,6,1
2026-03-29,Sun,LG,KT,Jamsil,23750,2026-03-28,0.0,1.0,1.0,6,1,5,1,3,1
2026-03-29,Sun,Samsung,Lotte,Daegu,24000,2026-03-28,0.0,1.0,1.0,6,1,5,1,2,1
2026-03-29,Sun,NC,Doosan,Changwon,18128,2026-03-28,1.0,0.0,1.0,1,6,5,1,7,1
2026-03-29,Sun,Hanwha,Kiwoom,Daejeon,17000,2026-03-28,1.0,0.0,1.0,1,6,5,1,9,1
2026-03-31,Tue,LG,KIA,Jamsil,23750,2026-03-29,0.0,0.0,0.0,7,7,0,0,3,1
2026-03-31,Tue,Hanwha,KT,Daejeon,17000,2026-03-29,1.0,1.0,0.0,1,1,0,0,9,1
2026-03-31,Tue,NC,Lotte,Changwon,12730,2026-03-29,0.5,1.0,0.5,5,1,4,0,7,1
2026-03-31,Tue,Samsung,Doosan,Daegu,21489,2026-03-29,0.0,0.5,0.5,7,5,2,0,2,1
2026-03-31,Tue,SSG,Kiwoom,Munhak,11385,2026-03-29,1.0,0.0,1.0,1,7,6,0,6,1
2026-04-01,Wed,LG,KIA,Jamsil,23750,2026-03-31,0.0,0.333,0.333,8,7,1,0,3,1
2026-04-01,Wed,Hanwha,KT,Daejeon,17000,2026-03-31,0.667,1.0,0.3329999999999999,3,1,2,0,9,1
2026-04-01,Wed,NC,Lotte,Changwon,11875,2026-03-31,0.667,0.667,0.0,3,3,0,0,7,1
2026-04-01,Wed,Samsung,Doosan,Daegu,23120,2026-03-31,0.0,0.5,0.5,8,6,2,0,2,1
2026-04-01,Wed,SSG,Kiwoom,Munhak,12921,2026-03-31,1.0,0.0,1.0,1,8,7,0,6,1
2026-04-02,Thu,LG,KIA,Jamsil,23750,2026-04-01,0.25,0.25,0.0,8,8,0,0,3,1
2026-04-02,Thu,Hanwha,KT,Daejeon,17000,2026-04-01,0.5,1.0,0.5,4,1,3,0,9,1
2026-04-02,Thu,NC,Lotte,Changwon,13176,2026-04-01,0.75,0.5,0.25,2,4,2,0,7,1
2026-04-02,Thu,Samsung,Doosan,Daegu,23617,2026-04-01,0.333,0.333,0.0,6,6,0,0,2,1
2026-04-02,Thu,SSG,Kiwoom,Munhak,11311,2026-04-01,0.75,0.25,0.5,2,8,6,0,6,1
2026-04-03,Fri,Doosan,Hanwha,Jamsil,23750,2026-04-02,0.25,0.4,0.15,8,5,3,0,5,1
2026-04-03,Fri,Kiwoom,LG,Gocheok,14150,2026-04-02,0.2,0.4,0.2,9,5,4,0,10,1
2026-04-03,Fri,KIA,NC,Gwangju,20500,2026-04-02,0.2,0.8,0.6000000000000001,9,2,7,0,4,1
2026-04-03,Fri,Lotte,SSG,Sajik,23200,2026-04-02,0.4,0.8,0.4,5,2,3,0,8,1
2026-04-03,Fri,KT,Samsung,Suwon,18700,2026-04-02,1.0,0.5,0.5,1,4,3,0,1,1
2026-04-04,Sat,Doosan,Hanwha,Jamsil,23750,2026-04-03,0.2,0.5,0.3,9,5,4,1,5,1
2026-04-04,Sat,Kiwoom,LG,Gocheok,16000,2026-04-03,0.333,0.333,0.0,6,6,0,1,10,1
2026-04-04,Sat,KIA,NC,Gwangju,20500,2026-04-03,0.167,0.833,0.6659999999999999,10,1,9,1,4,1
2026-04-04,Sat,Lotte,SSG,Sajik,23200,2026-04-03,0.333,0.833,0.4999999999999999,6,1,5,1,8,1
2026-04-04,Sat,KT,Samsung,Suwon,18700,2026-04-03,0.833,0.6,0.2329999999999999,1,4,3,1,1,1
2026-04-05,Sun,Doosan,Hanwha,Jamsil,23750,2026-04-04,0.167,0.571,0.4039999999999999,9,5,4,1,5,1
2026-04-05,Sun,Kiwoom,LG,Gocheok,15331,2026-04-04,0.286,0.429,0.143,7,6,1,1,10,1
2026-04-05,Sun,KIA,NC,Gwangju,20500,2026-04-04,0.143,0.857,0.714,10,1,9,1,4,1
2026-04-05,Sun,Lotte,SSG,Sajik,23200,2026-04-04,0.286,0.857,0.571,7,1,6,1,8,1
2026-04-05,Sun,KT,Samsung,Suwon,18700,2026-04-04,0.714,0.667,0.0469999999999999,3,4,1,1,1,1
2026-04-07,Tue,SSG,Hanwha,Munhak,18637,2026-04-05,0.875,0.5,0.375,1,5,4,0,6,1
2026-04-07,Tue,Lotte,KT,Sajik,15611,2026-04-05,0.25,0.75,0.5,8,2,6,0,8,1
2026-04-07,Tue,NC,LG,Changwon,6855,2026-04-05,0.75,0.5,0.25,2,5,3,0,7,1
2026-04-07,Tue,KIA,Samsung,Gwangju,12675,2026-04-05,0.25,0.571,0.3209999999999999,8,4,4,0,4,1
2026-04-07,Tue,Doosan,Kiwoom,Jamsil,14435,2026-04-05,0.286,0.25,0.0359999999999999,7,8,1,0,5,1
2026-04-08,Wed,SSG,Hanwha,Munhak,19836,2026-04-07,0.778,0.556,0.2219999999999999,1,5,4,0,6,1
2026-04-08,Wed,Lotte,KT,Sajik,16080,2026-04-07,0.222,0.778,0.556,9,1,8,0,8,1
2026-04-08,Wed,NC,LG,Changwon,8180,2026-04-07,0.667,0.556,0.1109999999999999,3,5,2,0,7,1
2026-04-08,Wed,KIA,Samsung,Gwangju,12672,2026-04-07,0.222,0.625,0.403,9,4,5,0,4,1
2026-04-08,Wed,Doosan,Kiwoom,Jamsil,15461,2026-04-07,0.25,0.333,0.083,8,7,1,0,5,1
2026-04-10,Fri,Hanwha,KIA,Daejeon,17000,2026-04-08,0.6,0.3,0.3,3,8,5,0,9,1
2026-04-10,Fri,Kiwoom,Lotte,Gocheok,16000,2026-04-08,0.3,0.3,0.0,8,8,0,0,10,1
2026-04-10,Fri,Samsung,NC,Daegu,24000,2026-04-08,0.556,0.6,0.0439999999999999,6,3,3,0,2,1
2026-04-10,Fri,KT,Doosan,Suwon,11337,2026-04-08,0.7,0.333,0.3669999999999999,1,7,6,0,1,1
2026-04-10,Fri,LG,SSG,Jamsil,23122,2026-04-08,0.6,0.7,0.0999999999999999,3,1,2,0,3,1
2026-04-11,Sat,Hanwha,KIA,Daejeon,17000,2026-04-10,0.545,0.364,0.181,5,8,3,1,9,1
2026-04-11,Sat,Kiwoom,Lotte,Gocheok,16000,2026-04-10,0.273,0.364,0.0909999999999999,10,8,2,1,10,1
2026-04-11,Sat,Samsung,NC,Daegu,24000,2026-04-10,0.6,0.545,0.0549999999999999,4,5,1,1,2,1
2026-04-11,Sat,KT,Doosan,Suwon,18700,2026-04-10,0.636,0.4,0.236,1,7,6,1,1,1
2026-04-11,Sat,LG,SSG,Jamsil,23750,2026-04-10,0.636,0.636,0.0,1,1,0,1,3,1
2026-04-12,Sun,Hanwha,KIA,Daejeon,17000,2026-04-11,0.5,0.417,0.083,5,7,2,1,9,1
2026-04-12,Sun,Kiwoom,Lotte,Gocheok,16000,2026-04-11,0.25,0.417,0.1669999999999999,10,7,3,1,10,1
2026-04-12,Sun,Samsung,NC,Daegu,24000,2026-04-11,0.636,0.5,0.136,3,5,2,1,2,1
2026-04-12,Sun,KT,Doosan,Suwon,16488,2026-04-11,0.667,0.364,0.303,1,9,8,1,1,1
2026-04-12,Sun,LG,SSG,Jamsil,23750,2026-04-11,0.667,0.583,0.084,1,4,3,1,3,1
2026-04-14,Tue,NC,KT,Changwon,4730,2026-04-12,0.462,0.692,0.2299999999999999,5,1,4,0,7,1
2026-04-14,Tue,LG,Lotte,Jamsil,23750,2026-04-12,0.692,0.385,0.3069999999999999,1,8,7,0,3,1
2026-04-14,Tue,SSG,Doosan,Munhak,12752,2026-04-12,0.538,0.333,0.205,4,9,5,0,6,1
2026-04-14,Tue,Hanwha,Samsung,Daejeon,17000,2026-04-12,0.462,0.667,0.205,5,3,2,0,9,1
2026-04-14,Tue,KIA,Kiwoom,Gwangju,9930,2026-04-12,0.462,0.308,0.154,5,10,5,0,4,1
2026-04-15,Wed,NC,KT,Changwon,5902,2026-04-14,0.5,0.643,0.143,4,3,1,0,7,1
2026-04-15,Wed,LG,Lotte,Jamsil,23750,2026-04-14,0.714,0.357,0.357,1,9,8,0,3,1
2026-04-15,Wed,SSG,Doosan,Munhak,13755,2026-04-14,0.5,0.385,0.1149999999999999,4,8,4,0,6,1
2026-04-15,Wed,Hanwha,Samsung,Daejeon,17000,2026-04-14,0.429,0.692,0.2629999999999999,7,2,5,0,9,1
2026-04-15,Wed,KIA,Kiwoom,Gwangju,10981,2026-04-14,0.5,0.286,0.214,4,10,6,0,4,1
2026-04-16,Thu,NC,KT,Changwon,5921,2026-04-15,0.467,0.667,0.2,6,2,4,0,7,1
2026-04-16,Thu,LG,Lotte,Jamsil,23750,2026-04-15,0.667,0.4,0.267,2,7,5,0,3,1
2026-04-16,Thu,SSG,Doosan,Munhak,13786,2026-04-15,0.533,0.357,0.176,4,9,5,0,6,1
2026-04-16,Thu,Hanwha,Samsung,Daejeon,17000,2026-04-15,0.4,0.714,0.3139999999999999,7,1,6,0,9,1
2026-04-16,Thu,KIA,Kiwoom,Gwangju,12713,2026-04-15,0.533,0.267,0.266,4,10,6,0,4,1
2026-04-17,Fri,Doosan,KIA,Jamsil,23750,2026-04-16,0.333,0.563,0.2299999999999999,9,4,5,0,5,1
2026-04-17,Fri,KT,Kiwoom,Suwon,7479,2026-04-16,0.688,0.25,0.4379999999999999,2,10,8,0,1,1
2026-04-18,Sat,Lotte,Hanwha,Sajik,23200,2026-04-17,0.375,0.375,0.0,7,7,0,1,8,1
2026-04-18,Sat,Doosan,KIA,Jamsil,23750,2026-04-17,0.313,0.588,0.2749999999999999,9,4,5,1,5,1
2026-04-18,Sat,Samsung,LG,Daegu,24000,2026-04-17,0.733,0.688,0.045,1,3,2,1,2,1
2026-04-18,Sat,NC,SSG,Changwon,14888,2026-04-17,0.438,0.563,0.1249999999999999,6,5,1,1,7,1
2026-04-18,Sat,KT,Kiwoom,Suwon,13721,2026-04-17,0.706,0.235,0.471,2,10,8,1,1,1
2026-04-19,Sun,Lotte,Hanwha,Sajik,23200,2026-04-18,0.353,0.412,0.059,8,6,2,1,8,1
2026-04-19,Sun,Doosan,KIA,Jamsil,23750,2026-04-18,0.353,0.556,0.203,8,5,3,1,5,1
2026-04-19,Sun,Samsung,LG,Daegu,24000,2026-04-18,0.75,0.647,0.1029999999999999,1,3,2,1,2,1
2026-04-19,Sun,NC,SSG,Changwon,13677,2026-04-18,0.412,0.588,0.176,6,4,2,1,7,1
2026-04-19,Sun,KT,Kiwoom,Suwon,10403,2026-04-18,0.722,0.222,0.5,2,10,8,1,1,1
2026-04-21,Tue,LG,Hanwha,Jamsil,23750,2026-04-20,0.667,0.444,0.223,3,6,3,0,3,1
2026-04-21,Tue,KT,KIA,Suwon,13143,2026-04-20,0.684,0.526,0.158,2,5,3,0,1,1
2026-04-21,Tue,Kiwoom,NC,Gocheok,5531,2026-04-20,0.263,0.444,0.181,10,6,4,0,10,1
2026-04-21,Tue,Lotte,Doosan,Sajik,15942,2026-04-20,0.333,0.389,0.0559999999999999,9,8,1,0,8,1
2026-04-21,Tue,Samsung,SSG,Daegu,23420,2026-04-20,0.706,0.556,0.1499999999999999,1,4,3,0,2,1
2026-04-22,Wed,LG,Hanwha,Jamsil,23750,2026-04-21,0.684,0.421,0.263,2,6,4,0,3,1
2026-04-22,Wed,KT,KIA,Suwon,14428,2026-04-21,0.7,0.5,0.1999999999999999,1,5,4,0,1,1
2026-04-22,Wed,Kiwoom,NC,Gocheok,5793,2026-04-21,0.3,0.421,0.121,10,6,4,0,10,1
2026-04-22,Wed,Lotte,Doosan,Sajik,19425,2026-04-21,0.316,0.421,0.1049999999999999,9,6,3,0,8,1
2026-04-22,Wed,Samsung,SSG,Daegu,23539,2026-04-21,0.667,0.579,0.088,3,4,1,0,2,1
2026-04-23,Thu,LG,Hanwha,Jamsil,23750,2026-04-22,0.7,0.4,0.2999999999999999,2,7,5,0,3,1
2026-04-23,Thu,KT,KIA,Suwon,15561,2026-04-22,0.714,0.476,0.238,1,5,4,0,1,1
2026-04-23,Thu,Kiwoom,NC,Gocheok,6176,2026-04-22,0.333,0.4,0.067,9,7,2,0,10,1
2026-04-23,Thu,Lotte,Doosan,Sajik,17334,2026-04-22,0.3,0.45,0.15,10,6,4,0,8,1
2026-04-23,Thu,Samsung,SSG,Daegu,23524,2026-04-22,0.632,0.6,0.032,3,4,1,0,2,1
2026-04-24,Fri,SSG,KT,Munhak,15569,2026-04-23,0.619,0.727,0.1079999999999999,3,1,2,0,6,1
2026-04-24,Fri,Doosan,LG,Jamsil,23750,2026-04-23,0.429,0.667,0.238,6,2,4,0,5,1
2026-04-24,Fri,KIA,Lotte,Gwangju,20500,2026-04-23,0.455,0.333,0.122,5,9,4,0,4,1
2026-04-24,Fri,Hanwha,NC,Daejeon,17000,2026-04-23,0.429,0.429,0.0,6,6,0,0,9,1
2026-04-24,Fri,Kiwoom,Samsung,Gocheok,16000,2026-04-23,0.318,0.6,0.282,10,4,6,0,10,1
2026-04-25,Sat,SSG,KT,Munhak,22655,2026-04-24,0.636,0.696,0.0599999999999999,3,1,2,1,6,1
2026-04-25,Sat,Doosan,LG,Jamsil,23750,2026-04-24,0.409,0.682,0.2730000000000001,7,2,5,1,5,1
2026-04-25,Sat,KIA,Lotte,Gwangju,20500,2026-04-24,0.478,0.318,0.1599999999999999,5,10,5,1,4,1
2026-04-25,Sat,Hanwha,NC,Daejeon,17000,2026-04-24,0.409,0.455,0.046,7,6,1,1,9,1
2026-04-25,Sat,Kiwoom,Samsung,Gocheok,16000,2026-04-24,0.348,0.571,0.2229999999999999,9,4,5,1,10,1
2026-04-26,Sun,SSG,KT,Munhak,19484,2026-04-25,0.652,0.667,0.015,3,2,1,1,6,1
2026-04-26,Sun,Doosan,LG,Jamsil,23750,2026-04-25,0.391,0.696,0.3049999999999999,8,1,7,1,5,1
2026-04-26,Sun,KIA,Lotte,Gwangju,20500,2026-04-25,0.5,0.304,0.196,5,10,5,1,4,1
2026-04-26,Sun,Hanwha,NC,Daejeon,17000,2026-04-25,0.435,0.435,0.0,6,6,0,1,9,1
2026-04-26,Sun,Kiwoom,Samsung,Gocheok,16000,2026-04-25,0.375,0.545,0.17,9,4,5,1,10,1
2026-04-28,Tue,NC,KIA,Changwon,8781,2026-04-26,0.458,0.5,0.0419999999999999,6,5,1,0,7,1
2026-04-28,Tue,KT,LG,Suwon,12312,2026-04-26,0.68,0.667,0.013,1,2,1,0,1,1
2026-04-28,Tue,Hanwha,SSG,Daejeon,16651,2026-04-26,0.417,0.625,0.208,7,3,4,0,9,1
2026-04-28,Tue,Doosan,Samsung,Jamsil,23750,2026-04-26,0.417,0.522,0.105,7,4,3,0,5,1
2026-04-28,Tue,Lotte,Kiwoom,Sajik,19704,2026-04-26,0.304,0.4,0.096,10,9,1,0,8,1
2026-04-29,Wed,NC,KIA,Changwon,11824,2026-04-28,0.48,0.48,0.0,5,5,0,0,7,1
2026-04-29,Wed,KT,LG,Suwon,13711,2026-04-28,0.692,0.64,0.0519999999999999,1,2,1,0,1,1
2026-04-29,Wed,Hanwha,SSG,Daejeon,17000,2026-04-28,0.44,0.6,0.1599999999999999,7,3,4,0,9,1
2026-04-29,Wed,Doosan,Samsung,Jamsil,23750,2026-04-28,0.4,0.542,0.142,8,4,4,0,5,1
2026-04-29,Wed,Lotte,Kiwoom,Sajik,19362,2026-04-28,0.333,0.385,0.0519999999999999,10,9,1,0,8,1
2026-04-30,Thu,NC,KIA,Changwon,16616,2026-04-29,0.462,0.5,0.0379999999999999,6,5,1,0,7,1
2026-04-30,Thu,KT,LG,Suwon,18700,2026-04-29,0.704,0.615,0.0889999999999999,1,2,1,0,1,1
2026-04-30,Thu,Hanwha,SSG,Daejeon,17000,2026-04-29,0.423,0.615,0.192,7,2,5,0,9,1
2026-04-30,Thu,Doosan,Samsung,Jamsil,23750,2026-04-29,0.423,0.52,0.097,7,4,3,0,5,1
2026-04-30,Thu,Lotte,Kiwoom,Sajik,23200,2026-04-29,0.32,0.407,0.0869999999999999,10,9,1,0,8,1
2026-05-01,Fri,Samsung,Hanwha,Daegu,24000,2026-04-30,0.5,0.407,0.093,4,8,4,0,2,1
2026-05-01,Fri,KIA,KT,Gwangju,20500,2026-04-30,0.481,0.679,0.198,5,1,4,0,4,1
2026-05-01,Fri,SSG,Lotte,Munhak,23000,2026-04-30,0.63,0.346,0.284,2,10,8,0,6,1
2026-05-01,Fri,LG,NC,Jamsil,23750,2026-04-30,0.63,0.481,0.149,2,5,3,0,3,1
2026-05-01,Fri,Kiwoom,Doosan,Gocheok,16000,2026-04-30,0.393,0.444,0.0509999999999999,9,7,2,0,10,1
2026-05-02,Sat,Samsung,Hanwha,Daegu,24000,2026-05-01,0.519,0.393,0.126,4,8,4,1,2,1
2026-05-02,Sat,KIA,KT,Gwangju,20500,2026-05-01,0.464,0.69,0.2259999999999999,5,1,4,1,4,1
2026-05-02,Sat,SSG,Lotte,Munhak,23000,2026-05-01,0.607,0.37,0.237,3,10,7,1,6,1
2026-05-02,Sat,LG,NC,Jamsil,23750,2026-05-01,0.643,0.464,0.179,2,5,3,1,3,1
2026-05-02,Sat,Kiwoom,Doosan,Gocheok,16000,2026-05-01,0.379,0.464,0.085,9,5,4,1,10,1
2026-05-03,Sun,Samsung,Hanwha,Daegu,24000,2026-05-02,0.5,0.414,0.086,4,8,4,1,2,1
2026-05-03,Sun,KIA,KT,Gwangju,20500,2026-05-02,0.483,0.667,0.184,5,1,4,1,4,1
2026-05-03,Sun,SSG,Lotte,Munhak,23000,2026-05-02,0.586,0.393,0.1929999999999999,3,10,7,1,6,1
2026-05-03,Sun,LG,NC,Jamsil,23633,2026-05-02,0.655,0.448,0.207,2,6,4,1,3,1
2026-05-03,Sun,Kiwoom,Doosan,Gocheok,16000,2026-05-02,0.4,0.448,0.0479999999999999,9,6,3,1,10,1
2026-05-05,Tue,KIA,Hanwha,Gwangju,20500,2026-05-04,0.467,0.4,0.067,5,9,4,0,4,1
2026-05-05,Tue,KT,Lotte,Suwon,18700,2026-05-04,0.677,0.414,0.263,1,8,7,0,1,1
2026-05-05,Tue,SSG,NC,Munhak,23000,2026-05-04,0.567,0.467,0.0999999999999999,3,5,2,0,6,1
2026-05-05,Tue,LG,Doosan,Jamsil,23750,2026-05-04,0.633,0.467,0.1659999999999999,2,5,3,0,3,1
2026-05-05,Tue,Samsung,Kiwoom,Daegu,24000,2026-05-04,0.517,0.387,0.13,4,10,6,0,2,1
2026-05-06,Wed,KIA,Hanwha,Gwangju,18441,2026-05-05,0.484,0.387,0.0969999999999999,5,9,4,0,4,1
2026-05-06,Wed,KT,Lotte,Suwon,12531,2026-05-05,0.688,0.4,0.2879999999999999,1,8,7,0,1,1
2026-05-06,Wed,SSG,NC,Munhak,15681,2026-05-05,0.567,0.467,0.0999999999999999,3,6,3,0,6,1
2026-05-06,Wed,LG,Doosan,Jamsil,23750,2026-05-05,0.645,0.452,0.193,2,7,5,0,3,1
2026-05-06,Wed,Samsung,Kiwoom,Daegu,24000,2026-05-05,0.533,0.375,0.158,4,10,6,0,2,1
2026-05-07,Thu,KIA,Hanwha,Gwangju,17607,2026-05-06,0.469,0.406,0.0629999999999999,5,9,4,0,4,1
2026-05-07,Thu,SSG,NC,Munhak,14364,2026-05-06,0.581,0.452,0.1289999999999999,3,6,3,0,6,1
2026-05-07,Thu,LG,Doosan,Jamsil,22805,2026-05-06,0.656,0.438,0.218,2,7,5,0,3,1
2026-05-07,Thu,Samsung,Kiwoom,Daegu,24000,2026-05-06,0.548,0.364,0.184,4,10,6,0,2,1
2026-05-08,Fri,Lotte,KIA,Sajik,23200,2026-05-07,0.419,0.455,0.036,9,6,3,0,8,1
2026-05-08,Fri,Kiwoom,KT,Gocheok,6159,2026-05-07,0.353,0.667,0.314,10,1,9,0,10,1
2026-05-08,Fri,Hanwha,LG,Daejeon,16551,2026-05-07,0.424,0.636,0.212,8,2,6,0,9,1
2026-05-08,Fri,Doosan,SSG,Jamsil,23750,2026-05-07,0.455,0.563,0.1079999999999999,6,3,3,0,5,1
2026-05-08,Fri,NC,Samsung,Changwon,15758,2026-05-07,0.469,0.563,0.0939999999999999,5,3,2,0,7,1
2026-05-09,Sat,Lotte,KIA,Sajik,23200,2026-05-08,0.406,0.471,0.0649999999999999,9,5,4,1,8,1
2026-05-09,Sat,Kiwoom,KT,Gocheok,11300,2026-05-08,0.343,0.676,0.333,10,1,9,1,10,1
2026-05-09,Sat,Hanwha,LG,Daejeon,17000,2026-05-08,0.412,0.647,0.235,8,2,6,1,9,1
2026-05-09,Sat,Doosan,SSG,Jamsil,23750,2026-05-08,0.441,0.576,0.1349999999999999,7,3,4,1,5,1
2026-05-09,Sat,NC,Samsung,Changwon,18128,2026-05-08,0.455,0.576,0.1209999999999999,6,3,3,1,7,1
2026-05-10,Sun,Lotte,KIA,Sajik,23200,2026-05-09,0.394,0.486,0.0919999999999999,9,5,4,1,8,1
2026-05-10,Sun,Kiwoom,KT,Gocheok,9153,2026-05-09,0.343,0.676,0.333,10,1,9,1,10,1
2026-05-10,Sun,Hanwha,LG,Daejeon,17000,2026-05-09,0.429,0.629,0.2,8,2,6,1,9,1
2026-05-10,Sun,Doosan,SSG,Jamsil,23750,2026-05-09,0.457,0.559,0.102,6,4,2,1,5,1
2026-05-10,Sun,NC,Samsung,Changwon,18128,2026-05-09,0.441,0.588,0.1469999999999999,7,3,4,1,7,1
2026-05-12,Tue,Kiwoom,Hanwha,Gocheok,16000,2026-05-10,0.361,0.444,0.083,10,7,3,0,10,1
2026-05-12,Tue,Lotte,NC,Sajik,16431,2026-05-10,0.412,0.429,0.017,9,8,1,0,8,1
2026-05-12,Tue,KIA,Doosan,Gwangju,13698,2026-05-10,0.472,0.472,0.0,5,5,0,0,4,1
2026-05-12,Tue,KT,SSG,Suwon,7742,2026-05-10,0.657,0.543,0.1139999999999999,1,4,3,0,1,1
2026-05-12,Tue,LG,Samsung,Jamsil,23750,2026-05-10,0.611,0.6,0.011,2,3,1,0,3,1
2026-05-13,Wed,Kiwoom,Hanwha,Gocheok,16000,2026-05-12,0.351,0.459,0.108,10,6,4,0,10,1
2026-05-13,Wed,Lotte,NC,Sajik,21019,2026-05-12,0.4,0.444,0.0439999999999999,9,8,1,0,8,1
2026-05-13,Wed,KIA,Doosan,Gwangju,15366,2026-05-12,0.459,0.486,0.0269999999999999,6,5,1,0,4,1
2026-05-13,Wed,KT,SSG,Suwon,8350,2026-05-12,0.639,0.556,0.0829999999999999,1,4,3,0,1,1
2026-05-13,Wed,LG,Samsung,Jamsil,23750,2026-05-12,0.595,0.611,0.016,3,2,1,0,3,1
2026-05-14,Thu,Kiwoom,Hanwha,Gocheok,16000,2026-05-13,0.368,0.447,0.079,10,7,3,0,10,1
2026-05-14,Thu,Lotte,NC,Sajik,22834,2026-05-13,0.417,0.432,0.015,9,8,1,0,8,1
2026-05-14,Thu,KIA,Doosan,Gwangju,15738,2026-05-13,0.474,0.474,0.0,5,5,0,0,4,1
2026-05-14,Thu,KT,SSG,Suwon,9128,2026-05-13,0.649,0.541,0.1079999999999999,1,4,3,0,1,1
2026-05-14,Thu,LG,Samsung,Jamsil,23750,2026-05-13,0.605,0.595,0.01,2,3,1,0,3,1
2026-05-15,Fri,KT,Hanwha,Suwon,18700,2026-05-14,0.632,0.462,0.1699999999999999,1,6,5,0,1,1
2026-05-15,Fri,Samsung,KIA,Daegu,24000,2026-05-14,0.605,0.487,0.118,2,5,3,0,2,1
2026-05-15,Fri,SSG,LG,Munhak,23000,2026-05-14,0.553,0.59,0.0369999999999999,4,3,1,0,6,1
2026-05-15,Fri,Doosan,Lotte,Jamsil,23750,2026-05-14,0.462,0.405,0.0569999999999999,6,9,3,0,5,1
2026-05-15,Fri,NC,Kiwoom,Changwon,9762,2026-05-14,0.447,0.359,0.088,8,10,2,0,7,1
2026-05-16,Sat,KT,Hanwha,Suwon,18700,2026-05-15,0.615,0.475,0.14,1,6,5,1,1,1
2026-05-16,Sat,Samsung,KIA,Daegu,24000,2026-05-15,0.59,0.5,0.0899999999999999,3,5,2,1,2,1
2026-05-16,Sat,SSG,LG,Munhak,23000,2026-05-15,0.538,0.6,0.0619999999999999,4,2,2,1,6,1
2026-05-16,Sat,Doosan,Lotte,Jamsil,23750,2026-05-15,0.45,0.421,0.029,7,9,2,1,5,1
2026-05-16,Sat,NC,Kiwoom,Changwon,15091,2026-05-15,0.436,0.375,0.061,8,10,2,1,7,1
2026-05-17,Sun,KT,Hanwha,Suwon,18700,2026-05-15,0.615,0.475,0.14,1,6,5,1,1,1
2026-05-17,Sun,Samsung,KIA,Daegu,24000,2026-05-15,0.59,0.5,0.0899999999999999,3,5,2,1,2,1
2026-05-17,Sun,SSG,LG,Munhak,23000,2026-05-15,0.538,0.6,0.0619999999999999,4,2,2,1,6,1
2026-05-17,Sun,Doosan,Lotte,Jamsil,23750,2026-05-15,0.45,0.421,0.029,7,9,2,1,5,1
2026-05-17,Sun,NC,Kiwoom,Changwon,12047,2026-05-15,0.436,0.375,0.061,8,10,2,1,7,1
2026-05-19,Tue,Samsung,KT,Pohang,12120,2026-05-17,0.585,0.61,0.025,3,1,2,0,2,1
2026-05-19,Tue,KIA,LG,Gwangju,14801,2026-05-17,0.5,0.595,0.0949999999999999,5,2,3,0,4,1
2026-05-19,Tue,Hanwha,Lotte,Daejeon,17000,2026-05-17,0.476,0.4,0.0759999999999999,6,9,3,0,9,1
2026-05-19,Tue,Doosan,NC,Jamsil,19186,2026-05-17,0.476,0.439,0.0369999999999999,6,8,2,0,5,1
2026-05-19,Tue,Kiwoom,SSG,Gocheok,7674,2026-05-17,0.381,0.537,0.156,10,4,6,0,10,1
2026-05-20,Wed,Kiwoom,SSG,Gocheok,9234,2026-05-19,0.395,0.524,0.129,10,4,6,0,10,1
2026-05-21,Thu,Samsung,KT,Pohang,12120,2026-05-20,0.595,0.595,0.0,1,1,0,0,2,1
2026-05-21,Thu,KIA,LG,Gwangju,15082,2026-05-20,0.512,0.581,0.0689999999999999,4,3,1,0,4,1
2026-05-21,Thu,Hanwha,Lotte,Daejeon,17000,2026-05-20,0.465,0.415,0.05,7,9,2,0,9,1
2026-05-21,Thu,Doosan,NC,Jamsil,16593,2026-05-20,0.488,0.429,0.059,6,8,2,0,5,1
2026-05-21,Thu,Kiwoom,SSG,Gocheok,8043,2026-05-20,0.409,0.512,0.103,10,4,6,0,10,1
2026-05-22,Fri,KT,NC,Suwon,10312,2026-05-21,0.581,0.419,0.1619999999999999,3,10,7,0,1,1
2026-05-22,Fri,Hanwha,Doosan,Daejeon,17000,2026-05-21,0.455,0.5,0.0449999999999999,7,4,3,0,9,1
2026-05-22,Fri,KIA,SSG,Gwangju,20500,2026-05-21,0.5,0.5,0.0,4,4,0,0,4,1
2026-05-22,Fri,Lotte,Samsung,Sajik,23200,2026-05-21,0.429,0.605,0.176,8,1,7,0,8,1
2026-05-22,Fri,LG,Kiwoom,Jamsil,23750,2026-05-21,0.591,0.422,0.1689999999999999,2,9,7,0,3,1
2026-05-23,Sat,KT,NC,Suwon,17078,2026-05-22,0.591,0.409,0.182,2,10,8,1,1,1
2026-05-23,Sat,Hanwha,Doosan,Daejeon,17000,2026-05-22,0.467,0.489,0.0219999999999999,7,5,2,1,9,1
2026-05-23,Sat,KIA,SSG,Gwangju,20500,2026-05-22,0.511,0.489,0.022,4,5,1,1,4,1
2026-05-23,Sat,Lotte,Samsung,Sajik,23200,2026-05-22,0.419,0.614,0.195,9,1,8,1,8,1
2026-05-23,Sat,LG,Kiwoom,Jamsil,23750,2026-05-22,0.578,0.435,0.1429999999999999,3,8,5,1,3,1
2026-05-24,Sun,KT,NC,Suwon,15202,2026-05-23,0.6,0.4,0.1999999999999999,1,10,9,1,1,1
2026-05-24,Sun,Hanwha,Doosan,Daejeon,17000,2026-05-23,0.478,0.478,0.0,5,5,0,1,9,1
2026-05-24,Sun,KIA,SSG,Gwangju,20500,2026-05-23,0.522,0.478,0.044,4,5,1,1,4,1
2026-05-24,Sun,Lotte,Samsung,Sajik,23200,2026-05-23,0.432,0.6,0.1679999999999999,8,1,7,1,8,1
2026-05-24,Sun,LG,Kiwoom,Jamsil,23750,2026-05-23,0.587,0.426,0.1609999999999999,3,9,6,1,3,1
2026-05-26,Tue,Kiwoom,KIA,Gocheok,16000,2026-05-24,0.417,0.532,0.115,9,4,5,0,10,1
2026-05-26,Tue,Doosan,KT,Jamsil,19281,2026-05-24,0.468,0.587,0.1189999999999999,6,3,3,0,5,1
2026-05-26,Tue,Lotte,LG,Sajik,15588,2026-05-24,0.422,0.596,0.174,8,2,6,0,8,1
2026-05-27,Wed,NC,Hanwha,Changwon,11013,2026-05-26,0.413,0.489,0.076,8,5,3,0,7,1
2026-05-27,Wed,Kiwoom,KIA,Gocheok,16000,2026-05-26,0.408,0.542,0.134,10,4,6,0,10,1
2026-05-27,Wed,Doosan,KT,Jamsil,22016,2026-05-26,0.458,0.596,0.1379999999999999,7,3,4,0,5,1
2026-05-27,Wed,Lotte,LG,Sajik,16827,2026-05-26,0.413,0.604,0.191,8,2,6,0,8,1
2026-05-27,Wed,SSG,Samsung,Munhak,18420,2026-05-26,0.468,0.609,0.1409999999999999,6,1,5,0,6,1
2026-05-28,Thu,NC,Hanwha,Changwon,13087,2026-05-27,0.426,0.479,0.0529999999999999,8,5,3,0,7,1
2026-05-28,Thu,Kiwoom,KIA,Gocheok,16000,2026-05-27,0.4,0.551,0.151,10,4,6,0,10,1
2026-05-28,Thu,Doosan,KT,Jamsil,22069,2026-05-27,0.469,0.583,0.1139999999999999,6,3,3,0,5,1
2026-05-28,Thu,Lotte,LG,Sajik,20522,2026-05-27,0.404,0.612,0.2079999999999999,9,2,7,0,8,1
2026-05-28,Thu,SSG,Samsung,Munhak,18084,2026-05-27,0.458,0.617,0.1589999999999999,7,1,6,0,6,1
2026-05-29,Fri,LG,KIA,Jamsil,23750,2026-05-28,0.6,0.56,0.0399999999999999,2,4,2,0,3,1
2026-05-29,Fri,Kiwoom,KT,Gocheok,7067,2026-05-28,0.392,0.592,0.1999999999999999,10,3,7,0,10,1
2026-05-29,Fri,NC,Lotte,Changwon,18128,2026-05-28,0.417,0.417,0.0,8,8,0,0,7,1
2026-05-29,Fri,Samsung,Doosan,Daegu,24000,2026-05-28,0.625,0.46,0.1649999999999999,1,6,5,0,2,1
2026-05-29,Fri,Hanwha,SSG,Daejeon,17000,2026-05-28,0.49,0.449,0.0409999999999999,5,7,2,0,9,1
2026-05-30,Sat,LG,KIA,Jamsil,23750,2026-05-29,0.608,0.549,0.0589999999999999,2,4,2,1,3,1
2026-05-30,Sat,Kiwoom,KT,Gocheok,11068,2026-05-29,0.385,0.6,0.2149999999999999,10,3,7,1,10,1
2026-05-30,Sat,NC,Lotte,Changwon,18128,2026-05-29,0.408,0.429,0.021,9,8,1,1,7,1
2026-05-30,Sat,Samsung,Doosan,Daegu,24000,2026-05-29,0.612,0.471,0.141,1,6,5,1,2,1
2026-05-30,Sat,Hanwha,SSG,Daejeon,17000,2026-05-29,0.5,0.44,0.06,5,7,2,1,9,1
2026-05-31,Sun,LG,KIA,Jamsil,23750,2026-05-30,0.615,0.538,0.0769999999999999,1,4,3,1,3,1
2026-05-31,Sun,Kiwoom,KT,Gocheok,9994,2026-05-30,0.377,0.608,0.2309999999999999,10,2,8,1,10,1
2026-05-31,Sun,NC,Lotte,Changwon,18128,2026-05-30,0.42,0.42,0.0,8,8,0,1,7,1
2026-05-31,Sun,Samsung,Doosan,Daegu,24000,2026-05-30,0.6,0.481,0.119,3,6,3,1,2,1
2026-05-31,Sun,Hanwha,SSG,Daejeon,17000,2026-05-30,0.51,0.431,0.079,5,7,2,1,9,1
2026-06-02,Tue,Doosan,Hanwha,Jamsil,23750,2026-05-31,0.472,0.519,0.047,6,5,1,0,5,1
2026-06-02,Tue,KT,LG,Suwon,18700,2026-05-31,0.615,0.623,0.008,2,1,1,0,1,1
2026-06-02,Tue,KIA,Lotte,Gwangju,20500,2026-05-31,0.528,0.412,0.116,4,9,5,0,4,1
2026-06-02,Tue,Samsung,NC,Daegu,24000,2026-05-31,0.608,0.431,0.177,3,7,4,0,2,1
2026-06-02,Tue,SSG,Kiwoom,Munhak,16117,2026-05-31,0.423,0.37,0.0529999999999999,8,10,2,0,6,1
2026-06-03,Wed,Doosan,Hanwha,Jamsil,23750,2026-06-02,0.481,0.509,0.028,6,5,1,0,5,1
2026-06-03,Wed,KT,LG,Suwon,18700,2026-06-02,0.604,0.63,0.026,3,1,2,0,1,1
2026-06-03,Wed,KIA,Lotte,Gwangju,20500,2026-06-02,0.537,0.404,0.133,4,9,5,0,4,1
2026-06-03,Wed,Samsung,NC,Daegu,24000,2026-06-02,0.615,0.423,0.192,2,7,5,0,2,1
2026-06-03,Wed,SSG,Kiwoom,Munhak,18491,2026-06-02,0.415,0.382,0.0329999999999999,8,10,2,0,6,1
2026-06-04,Thu,Doosan,Hanwha,Jamsil,22961,2026-06-03,0.481,0.509,0.028,6,5,1,0,5,1
2026-06-04,Thu,KT,LG,Suwon,12257,2026-06-03,0.611,0.618,0.007,2,1,1,0,1,1
2026-06-04,Thu,KIA,Lotte,Gwangju,20500,2026-06-03,0.527,0.415,0.112,4,9,5,0,4,1
2026-06-04,Thu,Samsung,NC,Daegu,24000,2026-06-03,0.604,0.434,0.1699999999999999,3,7,4,0,2,1
2026-06-04,Thu,SSG,Kiwoom,Munhak,12688,2026-06-03,0.426,0.375,0.0509999999999999,8,10,2,0,6,1
2026-06-05,Fri,Lotte,Hanwha,Sajik,23200,2026-06-04,0.407,0.5,0.093,9,5,4,0,8,1
2026-06-05,Fri,SSG,KT,Munhak,16047,2026-06-04,0.436,0.6,0.1639999999999999,8,2,6,0,6,1
2026-06-05,Fri,NC,LG,Changwon,15066,2026-06-04,0.444,0.625,0.181,7,1,6,0,7,1
2026-06-05,Fri,KIA,Samsung,Gwangju,20500,2026-06-04,0.536,0.593,0.0569999999999999,4,3,1,0,4,1
2026-06-05,Fri,Doosan,Kiwoom,Jamsil,15849,2026-06-04,0.491,0.368,0.123,6,10,4,0,5,1
2026-06-06,Sat,Lotte,Hanwha,Sajik,23200,2026-06-05,0.4,0.509,0.1089999999999999,9,5,4,1,8,1
2026-06-06,Sat,SSG,KT,Munhak,18425,2026-06-05,0.446,0.589,0.1429999999999999,7,2,5,1,6,1
2026-06-06,Sat,NC,LG,Changwon,18128,2026-06-05,0.436,0.632,0.196,8,1,7,1,7,1
2026-06-06,Sat,KIA,Samsung,Gwangju,20500,2026-06-05,0.544,0.582,0.0379999999999999,4,3,1,1,4,1
2026-06-06,Sat,Doosan,Kiwoom,Jamsil,22287,2026-06-05,0.5,0.362,0.138,6,10,4,1,5,1
2026-06-07,Sun,Lotte,Hanwha,Sajik,23200,2026-06-06,0.393,0.518,0.125,9,5,4,1,8,1
2026-06-07,Sun,SSG,KT,Munhak,15598,2026-06-06,0.439,0.596,0.1569999999999999,8,2,6,1,6,1
2026-06-07,Sun,NC,LG,Changwon,10888,2026-06-06,0.446,0.621,0.175,7,1,6,1,7,1
2026-06-07,Sun,KIA,Samsung,Gwangju,20500,2026-06-06,0.534,0.589,0.0549999999999999,4,3,1,1,4,1
2026-06-07,Sun,Doosan,Kiwoom,Jamsil,21393,2026-06-06,0.509,0.356,0.153,6,10,4,1,5,1
2026-06-09,Tue,Hanwha,KIA,Daejeon,17000,2026-06-07,0.526,0.542,0.016,5,4,1,0,9,1
2026-06-09,Tue,Kiwoom,NC,Gocheok,4284,2026-06-07,0.367,0.456,0.089,10,7,3,0,10,1
2026-06-09,Tue,Lotte,Doosan,Sajik,13351,2026-06-07,0.386,0.5,0.1139999999999999,9,6,3,0,8,1
2026-06-09,Tue,LG,SSG,Jamsil,20469,2026-06-07,0.61,0.448,0.1619999999999999,1,8,7,0,3,1
2026-06-09,Tue,KT,Samsung,Suwon,13359,2026-06-07,0.586,0.579,0.007,2,3,1,0,1,1
2026-06-10,Wed,Hanwha,KIA,Daejeon,17000,2026-06-09,0.517,0.55,0.033,5,4,1,0,9,1
2026-06-10,Wed,Kiwoom,NC,Gocheok,5329,2026-06-09,0.377,0.448,0.071,10,7,3,0,10,1
2026-06-10,Wed,Lotte,Doosan,Sajik,14200,2026-06-09,0.379,0.508,0.129,9,6,3,0,8,1
2026-06-10,Wed,LG,SSG,Jamsil,20204,2026-06-09,0.617,0.441,0.176,1,8,7,0,3,1
2026-06-10,Wed,KT,Samsung,Suwon,13606,2026-06-09,0.593,0.569,0.024,2,3,1,0,1,1
2026-06-11,Thu,Hanwha,KIA,Daejeon,17000,2026-06-10,0.525,0.541,0.016,5,4,1,0,9,1
2026-06-11,Thu,Kiwoom,NC,Gocheok,5553,2026-06-10,0.371,0.458,0.087,10,7,3,0,10,1
2026-06-11,Thu,Lotte,Doosan,Sajik,15542,2026-06-10,0.39,0.5,0.1099999999999999,9,6,3,0,8,1
2026-06-11,Thu,LG,SSG,Jamsil,20071,2026-06-10,0.623,0.433,0.19,1,8,7,0,3,1
2026-06-11,Thu,KT,Samsung,Suwon,14126,2026-06-10,0.6,0.559,0.0409999999999999,2,3,1,0,1,1
2026-06-12,Fri,Kiwoom,Hanwha,Gocheok,16000,2026-06-11,0.365,0.533,0.168,10,4,6,0,10,1
2026-06-12,Fri,LG,Lotte,Jamsil,23750,2026-06-11,0.629,0.383,0.246,1,9,8,0,3,1
2026-06-12,Fri,KT,NC,Suwon,8371,2026-06-11,0.59,0.467,0.1229999999999999,2,7,5,0,1,1
2026-06-12,Fri,KIA,Doosan,Gwangju,20500,2026-06-11,0.532,0.508,0.024,5,6,1,0,4,1
2026-06-12,Fri,Samsung,SSG,Daegu,24000,2026-06-11,0.567,0.426,0.1409999999999999,3,8,5,0,2,1
2026-06-13,Sat,Kiwoom,Hanwha,Gocheok,16000,2026-06-12,0.375,0.525,0.15,10,4,6,1,10,1
2026-06-13,Sat,LG,Lotte,Jamsil,23750,2026-06-12,0.619,0.393,0.2259999999999999,1,9,8,1,3,1
2026-06-13,Sat,KT,NC,Suwon,13833,2026-06-12,0.597,0.459,0.1379999999999999,2,7,5,1,1,1
2026-06-13,Sat,KIA,Doosan,Gwangju,20500,2026-06-12,0.524,0.516,0.008,5,6,1,1,4,1
2026-06-13,Sat,Samsung,SSG,Daegu,24000,2026-06-12,0.557,0.435,0.122,3,8,5,1,2,1
2026-06-14,Sun,Kiwoom,Hanwha,Gocheok,16000,2026-06-13,0.385,0.516,0.131,10,5,5,1,10,1
2026-06-14,Sun,LG,Lotte,Jamsil,23750,2026-06-13,0.625,0.387,0.238,1,9,8,1,3,1
2026-06-14,Sun,KIA,Doosan,Gwangju,20500,2026-06-13,0.531,0.508,0.023,4,6,2,1,4,1
2026-06-14,Sun,Samsung,SSG,Daegu,24000,2026-06-13,0.565,0.429,0.1359999999999999,3,8,5,1,2,1
2026-06-16,Tue,NC,Hanwha,Changwon,8398,2026-06-14,0.452,0.508,0.0559999999999999,7,6,1,0,7,1
2026-06-16,Tue,Doosan,KT,Jamsil,13530,2026-06-14,0.516,0.603,0.0869999999999999,5,2,3,0,5,1
2026-06-16,Tue,KIA,LG,Gwangju,20500,2026-06-14,0.523,0.631,0.1079999999999999,4,1,3,0,4,1
2026-06-16,Tue,SSG,Lotte,Munhak,16851,2026-06-14,0.422,0.381,0.0409999999999999,8,10,2,0,6,1
2026-06-16,Tue,Samsung,Kiwoom,Daegu,22995,2026-06-14,0.571,0.394,0.1769999999999999,3,9,6,0,2,1
2026-06-17,Wed,NC,Hanwha,Changwon,9773,2026-06-16,0.46,0.5,0.0399999999999999,7,6,1,0,7,1
2026-06-17,Wed,Doosan,KT,Jamsil,13960,2026-06-16,0.508,0.609,0.1009999999999999,5,2,3,0,5,1
2026-06-17,Wed,KIA,LG,Gwangju,15628,2026-06-16,0.515,0.636,0.121,4,1,3,0,4,1
2026-06-17,Wed,SSG,Lotte,Munhak,17099,2026-06-16,0.415,0.391,0.0239999999999999,8,9,1,0,6,1
2026-06-17,Wed,Samsung,Kiwoom,Daegu,22915,2026-06-16,0.578,0.388,0.1899999999999999,3,10,7,0,2,1
2026-06-18,Thu,NC,Hanwha,Changwon,8325,2026-06-17,0.469,0.492,0.023,7,6,1,0,7,1
2026-06-18,Thu,Doosan,KT,Jamsil,14712,2026-06-17,0.5,0.615,0.1149999999999999,5,2,3,0,5,1
2026-06-18,Thu,KIA,LG,Gwangju,17477,2026-06-17,0.522,0.627,0.1049999999999999,4,1,3,0,4,1
2026-06-18,Thu,SSG,Lotte,Munhak,17097,2026-06-17,0.409,0.4,0.0089999999999999,8,9,1,0,6,1
2026-06-18,Thu,Samsung,Kiwoom,Daegu,23412,2026-06-17,0.585,0.382,0.2029999999999999,3,10,7,0,2,1
2026-06-19,Fri,KT,KIA,Suwon,18700,2026-06-18,0.606,0.529,0.0769999999999999,2,4,2,0,1,1
2026-06-19,Fri,Kiwoom,Lotte,Gocheok,14578,2026-06-18,0.377,0.4,0.023,10,9,1,0,10,1
2026-06-19,Fri,LG,Doosan,Jamsil,23061,2026-06-18,0.618,0.507,0.1109999999999999,1,5,4,0,3,1
2026-06-19,Fri,NC,SSG,Changwon,7400,2026-06-18,0.477,0.409,0.068,7,8,1,0,7,1
2026-06-19,Fri,Hanwha,Samsung,Daejeon,17000,2026-06-18,0.485,0.591,0.1059999999999999,6,3,3,0,9,1
2026-06-20,Sat,KT,KIA,Suwon,18700,2026-06-19,0.597,0.536,0.0609999999999999,2,4,2,1,1,1
2026-06-20,Sat,Kiwoom,Lotte,Gocheok,16000,2026-06-19,0.371,0.409,0.0379999999999999,10,8,2,1,10,1
2026-06-20,Sat,LG,Doosan,Jamsil,23453,2026-06-19,0.623,0.5,0.123,1,5,4,1,3,1
2026-06-20,Sat,NC,SSG,Changwon,13204,2026-06-19,0.485,0.403,0.0819999999999999,6,9,3,1,7,1
2026-06-20,Sat,Hanwha,Samsung,Daejeon,17000,2026-06-19,0.485,0.591,0.1059999999999999,6,3,3,1,9,1
2026-06-21,Sun,KT,KIA,Suwon,18700,2026-06-20,0.603,0.529,0.0739999999999999,2,4,2,1,1,1
2026-06-21,Sun,Kiwoom,Lotte,Gocheok,16000,2026-06-20,0.366,0.418,0.0519999999999999,10,8,2,1,10,1
2026-06-21,Sun,LG,Doosan,Jamsil,23750,2026-06-20,0.629,0.493,0.136,1,5,4,1,3,1
2026-06-21,Sun,NC,SSG,Changwon,10028,2026-06-20,0.478,0.412,0.066,7,9,2,1,7,1
2026-06-21,Sun,Hanwha,Samsung,Daejeon,17000,2026-06-20,0.493,0.582,0.0889999999999999,6,3,3,1,9,1
2026-06-23,Tue,Kiwoom,KIA,Gocheok,16000,2026-06-21,0.361,0.535,0.174,10,4,6,0,10,1
2026-06-23,Tue,Lotte,NC,Sajik,14929,2026-06-21,0.426,0.471,0.0449999999999999,8,7,1,0,8,1
2026-06-23,Tue,Hanwha,Doosan,Daejeon,17000,2026-06-21,0.485,0.486,0.001,6,5,1,0,9,1
2026-06-23,Tue,KT,SSG,Suwon,7641,2026-06-21,0.594,0.42,0.174,2,9,7,0,1,1
2026-06-23,Tue,LG,Samsung,Jamsil,23750,2026-06-21,0.634,0.588,0.046,1,3,2,0,3,1
2026-06-24,Wed,Kiwoom,KIA,Gocheok,16000,2026-06-23,0.356,0.542,0.186,10,4,6,0,10,1
2026-06-24,Wed,Lotte,NC,Sajik,13803,2026-06-23,0.435,0.464,0.029,8,7,1,0,8,1
2026-06-24,Wed,Hanwha,Doosan,Daejeon,17000,2026-06-23,0.493,0.479,0.014,5,6,1,0,9,1
2026-06-24,Wed,KT,SSG,Suwon,8080,2026-06-23,0.6,0.414,0.186,2,9,7,0,1,1
2026-06-24,Wed,LG,Samsung,Jamsil,23750,2026-06-23,0.639,0.58,0.059,1,3,2,0,3,1
2026-06-25,Thu,Kiwoom,KIA,Gocheok,16000,2026-06-24,0.351,0.548,0.197,10,4,6,0,10,1
2026-06-25,Thu,Lotte,NC,Sajik,17987,2026-06-24,0.443,0.457,0.014,8,7,1,0,8,1
2026-06-25,Thu,Hanwha,Doosan,Daejeon,16063,2026-06-24,0.486,0.486,0.0,6,5,1,0,9,1
2026-06-25,Thu,KT,SSG,Suwon,7760,2026-06-24,0.592,0.423,0.1689999999999999,2,9,7,0,1,1
2026-06-25,Thu,LG,Samsung,Jamsil,23750,2026-06-24,0.644,0.571,0.073,1,3,2,0,3,1
2026-06-26,Fri,SSG,Hanwha,Munhak,21109,2026-06-25,0.417,0.479,0.062,9,6,3,0,6,1
2026-06-26,Fri,Doosan,KIA,Jamsil,23750,2026-06-25,0.493,0.554,0.061,5,4,1,0,5,1
2026-06-26,Fri,Samsung,KT,Daegu,24000,2026-06-25,0.577,0.597,0.02,3,2,1,0,2,1
2026-06-26,Fri,Lotte,LG,Sajik,23200,2026-06-25,0.437,0.635,0.198,8,1,7,0,8,1
2026-06-26,Fri,NC,Kiwoom,Changwon,8935,2026-06-25,0.465,0.347,0.118,7,10,3,0,7,1
2026-06-27,Sat,SSG,Hanwha,Munhak,23000,2026-06-26,0.411,0.486,0.075,9,6,3,1,6,1
2026-06-27,Sat,Doosan,KIA,Jamsil,23750,2026-06-26,0.5,0.547,0.047,5,4,1,1,5,1
2026-06-27,Sat,Samsung,KT,Daegu,24000,2026-06-26,0.583,0.589,0.006,3,2,1,1,2,1
2026-06-27,Sat,Lotte,LG,Sajik,23200,2026-06-26,0.444,0.627,0.183,8,1,7,1,8,1
2026-06-27,Sat,NC,Kiwoom,Changwon,14042,2026-06-26,0.472,0.342,0.1299999999999999,7,10,3,1,7,1
2026-06-28,Sun,SSG,Hanwha,Munhak,23000,2026-06-27,0.405,0.493,0.0879999999999999,9,6,3,1,6,1
2026-06-28,Sun,Doosan,KIA,Jamsil,23750,2026-06-27,0.507,0.539,0.032,5,4,1,1,5,1
2026-06-28,Sun,Samsung,KT,Daegu,24000,2026-06-27,0.589,0.581,0.008,2,3,1,1,2,1
2026-06-28,Sun,Lotte,LG,Sajik,23200,2026-06-27,0.438,0.632,0.194,8,1,7,1,8,1
2026-06-28,Sun,NC,Kiwoom,Changwon,8743,2026-06-27,0.466,0.351,0.115,7,10,3,1,7,1
2026-06-30,Tue,Kiwoom,LG,Gocheok,12885,2026-06-28,0.346,0.623,0.277,10,1,9,0,10,1
2026-06-30,Tue,Doosan,Lotte,Jamsil,21411,2026-06-28,0.5,0.446,0.0539999999999999,5,8,3,0,5,1
2026-06-30,Tue,KIA,SSG,Gwangju,14394,2026-06-28,0.545,0.4,0.145,4,9,5,0,4,1
2026-06-30,Tue,NC,Samsung,Changwon,11590,2026-06-28,0.473,0.595,0.122,7,2,5,0,7,1
2026-07-01,Wed,Hanwha,KT,Daejeon,15243,2026-06-30,0.5,0.573,0.0729999999999999,6,3,3,0,9,1
2026-07-01,Wed,Kiwoom,LG,Gocheok,12940,2026-06-30,0.354,0.615,0.261,10,1,9,0,10,1
2026-07-01,Wed,Doosan,Lotte,Jamsil,21248,2026-06-30,0.506,0.44,0.066,5,8,3,0,5,1
2026-07-01,Wed,KIA,SSG,Gwangju,13136,2026-06-30,0.551,0.395,0.156,4,9,5,0,4,1
2026-07-01,Wed,NC,Samsung,Changwon,11602,2026-06-30,0.467,0.6,0.1329999999999999,7,2,5,0,7,1
2026-07-02,Thu,Hanwha,KT,Daejeon,15111,2026-07-01,0.493,0.579,0.0859999999999999,6,3,3,0,9,1
2026-07-02,Thu,Kiwoom,LG,Gocheok,14268,2026-07-01,0.35,0.62,0.27,10,1,9,0,10,1
2026-07-02,Thu,Doosan,Lotte,Jamsil,21951,2026-07-01,0.5,0.447,0.0529999999999999,5,8,3,0,5,1
2026-07-02,Thu,KIA,SSG,Gwangju,14485,2026-07-01,0.551,0.395,0.156,4,9,5,0,4,1
2026-07-02,Thu,NC,Samsung,Changwon,14155,2026-07-01,0.474,0.592,0.118,7,2,5,0,7,1
2026-07-03,Fri,LG,Hanwha,Jamsil,23750,2026-07-02,0.625,0.5,0.125,1,6,5,0,3,1
2026-07-03,Fri,KT,Lotte,Suwon,18700,2026-07-02,0.571,0.442,0.1289999999999999,3,8,5,0,1,1
2026-07-03,Fri,KIA,NC,Gwangju,20500,2026-07-02,0.557,0.468,0.089,4,7,3,0,4,1
2026-07-03,Fri,Kiwoom,Doosan,Gocheok,13796,2026-07-02,0.346,0.506,0.16,10,5,5,0,10,1
2026-07-03,Fri,SSG,Samsung,Munhak,19054,2026-07-02,0.39,0.597,0.2069999999999999,9,2,7,0,6,1
2026-07-04,Sat,LG,Hanwha,Jamsil,23750,2026-07-03,0.617,0.506,0.1109999999999999,1,5,4,1,3,1
2026-07-04,Sat,KT,Lotte,Suwon,18700,2026-07-03,0.564,0.449,0.1149999999999999,3,8,5,1,1,1
2026-07-04,Sat,KIA,NC,Gwangju,20500,2026-07-03,0.55,0.474,0.076,4,7,3,1,4,1
2026-07-04,Sat,Kiwoom,Doosan,Gocheok,16000,2026-07-03,0.354,0.5,0.146,10,6,4,1,10,1
2026-07-04,Sat,SSG,Samsung,Munhak,23000,2026-07-03,0.385,0.603,0.2179999999999999,9,2,7,1,6,1
2026-07-05,Sun,KT,Lotte,Suwon,18700,2026-07-04,0.557,0.456,0.101,3,8,5,1,1,1
2026-07-05,Sun,Kiwoom,Doosan,Gocheok,15502,2026-07-04,0.349,0.506,0.157,10,5,5,1,10,1
2026-07-05,Sun,SSG,Samsung,Munhak,19602,2026-07-04,0.38,0.608,0.2279999999999999,9,2,7,1,6,1
2026-07-07,Tue,Lotte,KIA,Sajik,19758,2026-07-05,0.45,0.543,0.093,8,4,4,0,8,1
2026-07-07,Tue,Samsung,LG,Daegu,24000,2026-07-05,0.613,0.622,0.009,2,1,1,0,2,1
2026-07-07,Tue,Hanwha,NC,Daejeon,14052,2026-07-05,0.5,0.481,0.019,6,7,1,0,9,1
2026-07-07,Tue,Doosan,SSG,Jamsil,13375,2026-07-05,0.512,0.375,0.137,5,9,4,0,5,1
2026-07-07,Tue,KT,Kiwoom,Suwon,5847,2026-07-05,0.563,0.345,0.2179999999999999,3,10,7,0,1,1
2026-07-08,Wed,Lotte,KIA,Sajik,21792,2026-07-07,0.457,0.537,0.08,8,4,4,0,8,1
2026-07-08,Wed,Samsung,LG,Daegu,24000,2026-07-07,0.617,0.614,0.003,1,2,1,0,2,1
2026-07-08,Wed,Doosan,SSG,Jamsil,12789,2026-07-07,0.506,0.383,0.123,5,9,4,0,5,1
2026-07-08,Wed,KT,Kiwoom,Suwon,4659,2026-07-07,0.568,0.341,0.2269999999999999,3,10,7,0,1,1
2026-07-09,Thu,Lotte,KIA,Sajik,23200,2026-07-08,0.463,0.53,0.067,8,4,4,0,8,1
2026-07-09,Thu,Samsung,LG,Daegu,24000,2026-07-08,0.61,0.619,0.009,2,1,1,0,2,1
2026-07-09,Thu,Hanwha,NC,Daejeon,13805,2026-07-08,0.494,0.488,0.006,6,7,1,0,9,1
2026-07-09,Thu,Doosan,SSG,Jamsil,12961,2026-07-08,0.512,0.378,0.134,5,9,4,0,5,1
2026-07-16,Thu,SSG,KIA,Munhak,23000,2026-07-09,0.373,0.536,0.163,9,4,5,0,6,1
2026-07-16,Thu,LG,KT,Jamsil,22506,2026-07-09,0.612,0.573,0.039,2,3,1,0,3,1
2026-07-16,Thu,Samsung,Lotte,Daegu,24000,2026-07-09,0.614,0.458,0.1559999999999999,1,8,7,0,2,1
2026-07-16,Thu,NC,Doosan,Changwon,14492,2026-07-09,0.481,0.518,0.037,7,5,2,0,7,1
2026-07-16,Thu,Hanwha,Kiwoom,Daejeon,17000,2026-07-09,0.5,0.337,0.1629999999999999,6,10,4,0,9,1
2026-07-17,Fri,SSG,KIA,Munhak,23000,2026-07-16,0.381,0.529,0.148,9,4,5,0,6,1
2026-07-17,Fri,LG,KT,Jamsil,23750,2026-07-16,0.605,0.578,0.027,2,3,1,0,3,1
2026-07-17,Fri,NC,Doosan,Changwon,15235,2026-07-16,0.488,0.512,0.024,7,5,2,0,7,1
2026-07-17,Fri,Hanwha,Kiwoom,Daejeon,17000,2026-07-16,0.494,0.345,0.149,6,10,4,0,9,1
2026-07-18,Sat,SSG,KIA,Munhak,23000,2026-07-17,0.376,0.535,0.159,9,4,5,1,6,1
2026-07-18,Sat,LG,KT,Jamsil,21042,2026-07-17,0.598,0.583,0.015,2,3,1,1,3,1
2026-07-18,Sat,Samsung,Lotte,Daegu,24000,2026-07-17,0.619,0.452,0.1669999999999999,1,8,7,1,2,1
2026-07-18,Sat,NC,Doosan,Changwon,15093,2026-07-17,0.482,0.517,0.035,7,5,2,1,7,1
2026-07-18,Sat,Hanwha,Kiwoom,Daejeon,15587,2026-07-17,0.488,0.352,0.136,6,10,4,1,9,1
2026-07-19,Sun,SSG,KIA,Munhak,23000,2026-07-18,0.372,0.54,0.168,9,4,5,1,6,1
2026-07-19,Sun,LG,KT,Jamsil,21515,2026-07-18,0.591,0.588,0.003,2,3,1,1,3,1
2026-07-19,Sun,Samsung,Lotte,Daegu,24000,2026-07-18,0.624,0.447,0.177,1,8,7,1,2,1
2026-07-19,Sun,NC,Doosan,Changwon,10406,2026-07-18,0.476,0.523,0.047,7,5,2,1,7,1
2026-07-19,Sun,Hanwha,Kiwoom,Daejeon,16566,2026-07-18,0.482,0.36,0.122,6,10,4,1,9,1
2026-07-21,Tue,KIA,Hanwha,Gwangju,16201,2026-07-19,0.545,0.482,0.063,4,6,2,0,4,1
2026-07-21,Tue,LG,NC,Jamsil,13905,2026-07-19,0.584,0.471,0.1129999999999999,3,7,4,0,3,1
2026-07-21,Tue,KT,Doosan,Suwon,10183,2026-07-19,0.593,0.528,0.0649999999999999,2,5,3,0,1,1
2026-07-21,Tue,Lotte,SSG,Sajik,15577,2026-07-19,0.453,0.368,0.085,8,9,1,0,8,1
2026-07-21,Tue,Kiwoom,Samsung,Gocheok,15437,2026-07-19,0.36,0.616,0.256,10,1,9,0,10,1
2026-07-22,Wed,KIA,Hanwha,Gwangju,15365,2026-07-21,0.551,0.476,0.075,4,7,3,0,4,1
2026-07-22,Wed,Lotte,SSG,Sajik,15965,2026-07-21,0.46,0.364,0.096,8,9,1,0,8,1
2026-07-22,Wed,Kiwoom,Samsung,Gocheok,15536,2026-07-21,0.356,0.621,0.265,10,1,9,0,10,1
2026-07-23,Thu,KIA,Hanwha,Gwangju,16394,2026-07-22,0.544,0.482,0.062,4,6,2,0,4,1
2026-07-23,Thu,LG,NC,Jamsil,14215,2026-07-22,0.578,0.477,0.1009999999999999,3,7,4,0,3,1
2026-07-23,Thu,Lotte,SSG,Sajik,16072,2026-07-22,0.455,0.371,0.084,8,9,1,0,8,1
2026-07-23,Thu,Kiwoom,Samsung,Gocheok,15642,2026-07-22,0.363,0.614,0.251,10,1,9,0,10,1
2026-07-24,Fri,Lotte,KT,Sajik,15154,2026-07-23,0.449,0.593,0.1439999999999999,8,2,6,0,8,1
2026-07-24,Fri,Hanwha,LG,Daejeon,16082,2026-07-23,0.488,0.571,0.0829999999999999,6,3,3,0,9,1
2026-07-24,Fri,SSG,NC,Munhak,11579,2026-07-23,0.378,0.483,0.1049999999999999,9,7,2,0,6,1
2026-07-24,Fri,Doosan,Samsung,Jamsil,23750,2026-07-23,0.528,0.618,0.0899999999999999,5,1,4,0,5,1
2026-07-24,Fri,KIA,Kiwoom,Gwangju,16065,2026-07-23,0.538,0.359,0.179,4,10,6,0,4,1
2026-07-25,Sat,Lotte,KT,Sajik,22477,2026-07-24,0.444,0.598,0.1539999999999999,8,2,6,1,8,1
2026-07-25,Sat,Hanwha,LG,Daejeon,17000,2026-07-24,0.494,0.565,0.0709999999999999,6,3,3,1,9,1
2026-07-25,Sat,SSG,NC,Munhak,13283,2026-07-24,0.385,0.477,0.0919999999999999,9,7,2,1,6,1
2026-07-25,Sat,Doosan,Samsung,Jamsil,23750,2026-07-24,0.522,0.622,0.0999999999999999,5,1,4,1,5,1
2026-07-25,Sat,KIA,Kiwoom,Gwangju,20500,2026-07-24,0.533,0.366,0.167,4,10,6,1,4,1
2026-07-26,Sun,Lotte,KT,Sajik,22336,2026-07-25,0.44,0.602,0.1619999999999999,8,2,6,1,8,1
2026-07-26,Sun,Hanwha,LG,Daejeon,17000,2026-07-25,0.489,0.57,0.0809999999999999,6,3,3,1,9,1
2026-07-26,Sun,SSG,NC,Munhak,10971,2026-07-25,0.391,0.472,0.0809999999999999,9,7,2,1,6,1
2026-07-26,Sun,Doosan,Samsung,Jamsil,23750,2026-07-25,0.516,0.626,0.1099999999999999,5,1,4,1,5,1
2026-07-26,Sun,KIA,Kiwoom,Gwangju,18112,2026-07-25,0.538,0.362,0.176,4,10,6,1,4,1
2026-07-28,Tue,Samsung,KIA,Daegu,24000,2026-07-26,0.62,0.532,0.0879999999999999,1,4,3,0,2,1
2026-07-28,Tue,NC,KT,Changwon,7613,2026-07-26,0.472,0.596,0.124,7,2,5,0,7,1
2026-07-28,Tue,Hanwha,Lotte,Daejeon,17000,2026-07-26,0.494,0.446,0.0479999999999999,6,8,2,0,9,1
2026-07-28,Tue,SSG,Doosan,Munhak,12705,2026-07-26,0.391,0.522,0.131,9,5,4,0,6,1
2026-07-28,Tue,LG,Kiwoom,Jamsil,18329,2026-07-26,0.564,0.368,0.1959999999999999,3,10,7,0,3,1
2026-07-29,Wed,Samsung,KIA,Daegu,24000,2026-07-28,0.624,0.526,0.0979999999999999,1,5,4,0,2,1
2026-07-29,Wed,NC,KT,Changwon,8411,2026-07-28,0.467,0.6,0.1329999999999999,7,2,5,0,7,1
2026-07-29,Wed,Hanwha,Lotte,Daejeon,17000,2026-07-28,0.489,0.452,0.0369999999999999,6,8,2,0,9,1
2026-07-29,Wed,SSG,Doosan,Munhak,12712,2026-07-28,0.387,0.527,0.14,9,4,5,0,6,1
2026-07-29,Wed,LG,Kiwoom,Jamsil,20067,2026-07-28,0.568,0.365,0.2029999999999999,3,10,7,0,3,1
2026-07-30,Thu,Samsung,KIA,Daegu,24000,2026-07-29,0.617,0.531,0.0859999999999999,1,4,3,0,2,1
2026-07-30,Thu,NC,KT,Changwon,7854,2026-07-29,0.462,0.604,0.1419999999999999,7,2,5,0,7,1
2026-07-30,Thu,Hanwha,Lotte,Daejeon,17000,2026-07-29,0.495,0.447,0.0479999999999999,6,8,2,0,9,1
2026-07-30,Thu,SSG,Doosan,Munhak,13213,2026-07-29,0.394,0.521,0.127,9,5,4,0,6,1
2026-07-30,Thu,LG,Kiwoom,Jamsil,20159,2026-07-29,0.563,0.371,0.1919999999999999,3,10,7,0,3,1
2026-07-31,Fri,KT,Hanwha,Suwon,18700,2026-07-30,0.609,0.5,0.1089999999999999,2,6,4,0,1,1
2026-07-31,Fri,NC,KIA,Changwon,16024,2026-07-30,0.457,0.536,0.079,7,4,3,0,7,1
2026-07-31,Fri,Doosan,LG,Jamsil,23220,2026-07-30,0.526,0.567,0.0409999999999999,5,3,2,0,5,1
2026-07-31,Fri,Kiwoom,SSG,Gocheok,10866,2026-07-30,0.367,0.389,0.022,10,9,1,0,10,1
2026-07-31,Fri,Lotte,Samsung,Sajik,23200,2026-07-30,0.442,0.611,0.1689999999999999,8,1,7,0,8,1
2026-08-01,Sat,KT,Hanwha,Suwon,18700,2026-07-31,0.613,0.495,0.118,2,6,4,1,1,1
2026-08-01,Sat,Doosan,LG,Jamsil,23750,2026-07-31,0.531,0.561,0.03,4,3,1,1,5,1
2026-08-01,Sat,Kiwoom,SSG,Gocheok,13390,2026-07-31,0.374,0.385,0.011,10,9,1,1,10,1
2026-08-02,Sun,KT,Hanwha,Suwon,18700,2026-08-01,0.617,0.489,0.128,1,6,5,1,1,1
2026-08-02,Sun,Doosan,LG,Jamsil,23183,2026-08-01,0.531,0.561,0.03,4,3,1,1,5,1
2026-08-02,Sun,Kiwoom,SSG,Gocheok,12518,2026-08-01,0.37,0.392,0.022,10,9,1,1,10,1
2026-08-02,Sun,Lotte,Samsung,Sajik,23200,2026-08-01,0.438,0.615,0.177,8,2,6,1,8,1
2026-08-04,Tue,Samsung,Hanwha,Daegu,24000,2026-08-02,0.608,0.484,0.124,2,6,4,0,2,1
2026-08-04,Tue,SSG,LG,Munhak,11552,2026-08-02,0.388,0.556,0.168,9,3,6,0,6,1
2026-08-04,Tue,Lotte,Kiwoom,Sajik,16305,2026-08-02,0.443,0.376,0.067,8,10,2,0,8,1
2026-08-11,Tue,Doosan,Hanwha,Jamsil,22152,2026-08-02,0.536,0.484,0.052,4,6,2,0,5,1
2026-08-11,Tue,NC,KT,Changwon,6148,2026-08-02,0.462,0.621,0.1589999999999999,7,1,6,0,7,1
2026-08-11,Tue,Kiwoom,LG,Gocheok,13085,2026-08-02,0.376,0.556,0.18,10,3,7,0,10,1
2026-08-11,Tue,SSG,Lotte,Munhak,11253,2026-08-02,0.388,0.443,0.0549999999999999,9,8,1,0,6,1
2026-08-11,Tue,KIA,Samsung,Gwangju,14496,2026-08-02,0.531,0.608,0.0769999999999999,5,2,3,0,4,1
2026-08-12,Wed,Doosan,Hanwha,Jamsil,22751,2026-08-11,0.541,0.485,0.056,4,6,2,0,5,1
2026-08-12,Wed,NC,KT,Changwon,12216,2026-08-11,0.457,0.625,0.1679999999999999,7,1,6,0,7,1
2026-08-12,Wed,Kiwoom,LG,Gocheok,12924,2026-08-11,0.369,0.554,0.185,10,3,7,0,10,1
2026-08-12,Wed,SSG,Lotte,Munhak,12694,2026-08-11,0.4,0.444,0.0439999999999999,9,8,1,0,6,1
2026-08-12,Wed,KIA,Samsung,Gwangju,14612,2026-08-11,0.535,0.596,0.0609999999999999,5,2,3,0,4,1
2026-08-13,Thu,Doosan,Hanwha,Jamsil,23750,2026-08-12,0.535,0.49,0.045,5,6,1,0,5,1
2026-08-13,Thu,NC,KT,Changwon,5822,2026-08-12,0.463,0.619,0.1559999999999999,7,1,6,0,7,1
2026-08-13,Thu,Kiwoom,LG,Gocheok,15028,2026-08-12,0.375,0.549,0.174,10,3,7,0,10,1
2026-08-13,Thu,SSG,Lotte,Munhak,12912,2026-08-12,0.406,0.44,0.0339999999999999,9,8,1,0,6,1
2026-08-13,Thu,KIA,Samsung,Gwangju,15558,2026-08-12,0.54,0.59,0.0499999999999999,4,2,2,0,4,1
2026-08-14,Fri,Samsung,Hanwha,Daegu,24000,2026-08-13,0.594,0.485,0.1089999999999999,2,6,4,0,2,1
2026-08-14,Fri,Lotte,NC,Sajik,18351,2026-08-13,0.446,0.469,0.0229999999999999,8,7,1,0,8,1
2026-08-14,Fri,KIA,Doosan,Gwangju,18308,2026-08-13,0.535,0.54,0.005,5,4,1,0,4,1
2026-08-14,Fri,LG,SSG,Jamsil,19463,2026-08-13,0.553,0.402,0.151,3,9,6,0,3,1
2026-08-14,Fri,KT,Kiwoom,Suwon,11021,2026-08-13,0.612,0.371,0.241,1,10,9,0,1,1
2026-08-15,Sat,Samsung,Hanwha,Daegu,24000,2026-08-14,0.602,0.475,0.127,2,6,4,1,2,1
2026-08-15,Sat,Lotte,NC,Sajik,23200,2026-08-14,0.447,0.469,0.0219999999999999,8,7,1,1,8,1
2026-08-15,Sat,KIA,Doosan,Gwangju,20500,2026-08-14,0.534,0.539,0.005,5,4,1,1,4,1
2026-08-15,Sat,LG,SSG,Jamsil,23189,2026-08-14,0.552,0.404,0.148,3,9,6,1,3,1
2026-08-15,Sat,KT,Kiwoom,Suwon,13203,2026-08-14,0.61,0.374,0.236,1,10,9,1,1,1
2026-08-16,Sun,KIA,Doosan,Gwangju,20500,2026-08-15,0.534,0.539,0.005,5,4,1,1,4,1
2026-08-16,Sun,LG,SSG,Jamsil,23287,2026-08-15,0.552,0.404,0.148,3,9,6,1,3,1
2026-08-16,Sun,KT,Kiwoom,Suwon,13158,2026-08-15,0.61,0.374,0.236,1,10,9,1,1,1
2026-08-18,Tue,Hanwha,KIA,Daejeon,17000,2026-08-16,0.475,0.538,0.063,6,4,2,0,9,1
2026-08-18,Tue,LG,KT,Jamsil,15098,2026-08-16,0.547,0.614,0.0669999999999999,3,1,2,0,3,1
2026-08-18,Tue,NC,Doosan,Changwon,5350,2026-08-16,0.469,0.534,0.065,7,5,2,0,7,1
2026-08-18,Tue,Samsung,SSG,Daegu,23184,2026-08-16,0.602,0.41,0.192,2,9,7,0,2,1
2026-08-18,Tue,Lotte,Kiwoom,Sajik,11371,2026-08-16,0.447,0.37,0.077,8,10,2,0,8,1
2026-08-19,Wed,Hanwha,KIA,Daejeon,17000,2026-08-18,0.471,0.543,0.072,6,4,2,0,9,1
2026-08-19,Wed,LG,KT,Jamsil,15052,2026-08-18,0.551,0.608,0.0569999999999999,3,1,2,0,3,1
2026-08-19,Wed,NC,Doosan,Changwon,6196,2026-08-18,0.465,0.538,0.073,7,5,2,0,7,1
2026-08-19,Wed,Samsung,SSG,Daegu,22784,2026-08-18,0.596,0.415,0.181,2,9,7,0,2,1
2026-08-19,Wed,Lotte,Kiwoom,Sajik,12596,2026-08-18,0.452,0.367,0.085,8,10,2,0,8,1
2026-08-20,Thu,Hanwha,KIA,Daejeon,17000,2026-08-19,0.466,0.547,0.081,6,4,2,0,9,1
2026-08-20,Thu,LG,KT,Jamsil,15492,2026-08-19,0.556,0.602,0.0459999999999999,3,1,2,0,3,1
2026-08-20,Thu,NC,Doosan,Changwon,6313,2026-08-19,0.46,0.543,0.083,7,5,2,0,7,1
2026-08-20,Thu,Samsung,SSG,Daegu,23238,2026-08-19,0.6,0.411,0.189,2,9,7,0,2,1
2026-08-20,Thu,Lotte,Kiwoom,Sajik,15793,2026-08-19,0.457,0.364,0.093,8,10,2,0,8,1
2026-08-21,Fri,Kiwoom,KIA,Gocheok,16000,2026-08-20,0.36,0.551,0.191,10,3,7,0,10,1
2026-08-21,Fri,SSG,KT,Munhak,12856,2026-08-20,0.417,0.606,0.189,9,1,8,0,6,1
2026-08-21,Fri,Hanwha,LG,Daejeon,15009,2026-08-20,0.462,0.55,0.088,8,4,4,0,9,1
2026-08-21,Fri,Doosan,Lotte,Jamsil,23750,2026-08-20,0.538,0.462,0.076,5,7,2,0,5,1
2026-08-21,Fri,NC,Samsung,Changwon,14909,2026-08-20,0.465,0.594,0.1289999999999999,6,2,4,0,7,1
2026-08-22,Sat,Kiwoom,KIA,Gocheok,16000,2026-08-21,0.357,0.556,0.199,10,3,7,1,10,1
2026-08-22,Sat,NC,Samsung,Changwon,18128,2026-08-21,0.471,0.589,0.118,6,2,4,1,7,1
2026-08-23,Sun,Kiwoom,KIA,Gocheok,16000,2026-08-22,0.363,0.55,0.187,10,3,7,1,10,1
2026-08-23,Sun,SSG,KT,Munhak,17000,2026-08-22,0.417,0.606,0.189,9,1,8,1,6,1
2026-08-23,Sun,Hanwha,LG,Daejeon,17000,2026-08-22,0.467,0.545,0.078,7,4,3,1,9,1
2026-08-23,Sun,Doosan,Lotte,Jamsil,23750,2026-08-22,0.533,0.467,0.066,5,6,1,1,5,1
2026-08-23,Sun,NC,Samsung,Changwon,18128,2026-08-22,0.466,0.593,0.1269999999999999,8,2,6,1,7,1
2026-08-25,Tue,SSG,Hanwha,Munhak,15094,2026-08-23,0.413,0.462,0.049,9,7,2,0,6,1
2026-08-25,Tue,KIA,Lotte,Gwangju,14887,2026-08-23,0.545,0.463,0.082,4,6,2,0,4,1
2026-08-25,Tue,LG,NC,Jamsil,14554,2026-08-23,0.55,0.462,0.088,3,8,5,0,3,1
2026-08-25,Tue,KT,Doosan,Suwon,10173,2026-08-23,0.61,0.537,0.0729999999999999,1,5,4,0,1,1
2026-08-25,Tue,Kiwoom,Samsung,Gocheok,14399,2026-08-23,0.368,0.596,0.2279999999999999,10,2,8,0,10,1
2026-08-26,Wed,SSG,Hanwha,Munhak,17211,2026-08-25,0.418,0.458,0.04,9,7,2,0,6,1
2026-08-26,Wed,KIA,Lotte,Gwangju,14662,2026-08-25,0.55,0.459,0.091,4,6,2,0,4,1
2026-08-26,Wed,LG,NC,Jamsil,16376,2026-08-25,0.554,0.457,0.097,3,8,5,0,3,1
2026-08-26,Wed,KT,Doosan,Suwon,10307,2026-08-25,0.604,0.541,0.0629999999999999,1,5,4,0,1,1
2026-08-26,Wed,Kiwoom,Samsung,Gocheok,15260,2026-08-25,0.368,0.596,0.2279999999999999,10,2,8,0,10,1
2026-08-27,Thu,SSG,Hanwha,Munhak,17536,2026-08-26,0.423,0.454,0.031,9,7,2,0,6,1
2026-08-27,Thu,LG,NC,Jamsil,16644,2026-08-26,0.558,0.453,0.105,3,8,5,0,3,1
2026-08-27,Thu,KT,Doosan,Suwon,10751,2026-08-26,0.607,0.536,0.0709999999999999,1,5,4,0,1,1
2026-08-27,Thu,Kiwoom,Samsung,Gocheok,14788,2026-08-26,0.365,0.6,0.235,10,2,8,0,10,1
2026-08-29,Sat,Samsung,KT,Daegu,24000,2026-08-27,0.604,0.611,0.007,2,1,1,1,2,1
2026-08-29,Sat,Lotte,LG,Sajik,22212,2026-08-27,0.455,0.553,0.098,7,4,3,1,8,1
2026-08-29,Sat,Hanwha,NC,Daejeon,17000,2026-08-27,0.45,0.458,0.008,8,6,2,1,9,1
2026-08-29,Sat,KIA,SSG,Gwangju,20500,2026-08-27,0.554,0.429,0.125,3,9,6,1,4,1
2026-08-29,Sat,Doosan,Kiwoom,Jamsil,22958,2026-08-27,0.532,0.362,0.17,5,10,5,1,5,1
2026-08-30,Sun,Hanwha,NC,Daejeon,17000,2026-08-29,0.445,0.463,0.018,8,6,2,1,9,1
2026-08-30,Sun,Doosan,Kiwoom,Jamsil,19268,2026-08-29,0.536,0.359,0.177,5,10,5,1,5,1
2026-09-01,Tue,KT,Hanwha,Suwon,8583,2026-08-30,0.606,0.441,0.1649999999999999,2,8,6,0,1,1
2026-09-01,Tue,NC,KIA,Changwon,8456,2026-08-30,0.468,0.558,0.09,6,3,3,0,7,1
2026-09-01,Tue,Doosan,LG,Jamsil,18278,2026-08-30,0.54,0.557,0.017,5,4,1,0,5,1
2026-09-01,Tue,Samsung,Lotte,Daegu,24000,2026-08-30,0.607,0.45,0.1569999999999999,1,7,6,0,2,1
2026-09-01,Tue,Kiwoom,SSG,Gocheok,5474,2026-08-30,0.356,0.425,0.069,10,9,1,0,10,1
2026-09-02,Wed,KT,Hanwha,Suwon,10935,2026-09-01,0.609,0.438,0.1709999999999999,2,8,6,0,1,1
2026-09-02,Wed,NC,KIA,Changwon,10172,2026-09-01,0.473,0.553,0.08,6,4,2,0,7,1
2026-09-02,Wed,Doosan,LG,Jamsil,20274,2026-09-01,0.535,0.56,0.025,5,3,2,0,5,1
2026-09-02,Wed,Samsung,Lotte,Daegu,24000,2026-09-01,0.611,0.446,0.1649999999999999,1,7,6,0,2,1
2026-09-02,Wed,Kiwoom,SSG,Gocheok,5846,2026-09-01,0.353,0.43,0.077,10,9,1,0,10,1
2026-09-03,Thu,KT,Hanwha,Suwon,11789,2026-09-02,0.613,0.434,0.179,2,9,7,0,1,1
2026-09-03,Thu,Doosan,LG,Jamsil,22434,2026-09-02,0.53,0.564,0.0339999999999999,5,3,2,0,5,1
2026-09-03,Thu,Samsung,Lotte,Daegu,24000,2026-09-02,0.614,0.442,0.172,1,7,6,0,2,1
2026-09-03,Thu,Kiwoom,SSG,Gocheok,6839,2026-09-02,0.35,0.435,0.085,10,8,2,0,10,1
2026-09-04,Fri,Lotte,Hanwha,Sajik,16201,2026-09-03,0.447,0.43,0.017,7,9,2,0,8,1
2026-09-04,Fri,KIA,KT,Gwangju,20500,2026-09-03,0.548,0.616,0.0679999999999999,4,1,3,0,4,1
2026-09-04,Fri,Kiwoom,NC,Gocheok,5930,2026-09-03,0.355,0.477,0.122,10,6,4,0,10,1
2026-09-04,Fri,SSG,Doosan,Munhak,14260,2026-09-03,0.431,0.526,0.095,8,5,3,0,6,1
2026-09-04,Fri,LG,Samsung,Jamsil,23750,2026-09-03,0.568,0.609,0.041,3,2,1,0,3,1
2026-09-05,Sat,Lotte,Hanwha,Sajik,23200,2026-09-04,0.443,0.435,0.008,7,9,2,1,8,1
2026-09-05,Sat,KIA,KT,Gwangju,20500,2026-09-04,0.552,0.611,0.0589999999999999,4,1,3,1,4,1
2026-09-05,Sat,Kiwoom,NC,Gocheok,9383,2026-09-04,0.352,0.482,0.13,10,6,4,1,10,1
2026-09-05,Sat,SSG,Doosan,Munhak,23000,2026-09-04,0.436,0.521,0.085,8,5,3,1,6,1
2026-09-05,Sat,LG,Samsung,Jamsil,23750,2026-09-04,0.571,0.603,0.032,3,2,1,1,3,1
2026-09-06,Sun,Lotte,Hanwha,Sajik,23200,2026-09-05,0.44,0.44,0.0,8,8,0,1,8,1
2026-09-06,Sun,KIA,KT,Gwangju,20500,2026-09-05,0.556,0.605,0.0489999999999999,4,2,2,1,4,1
2026-09-06,Sun,Kiwoom,NC,Gocheok,9499,2026-09-05,0.35,0.487,0.137,10,6,4,1,10,1
2026-09-06,Sun,SSG,Doosan,Munhak,17771,2026-09-05,0.441,0.517,0.076,7,5,2,1,6,1
2026-09-06,Sun,LG,Samsung,Jamsil,23750,2026-09-05,0.567,0.607,0.04,3,1,2,1,3,1
2026-09-08,Tue,Samsung,KIA,Daegu,24000,2026-09-06,0.61,0.559,0.0509999999999999,1,4,3,0,2,1
2026-09-08,Tue,NC,Lotte,Changwon,14114,2026-09-06,0.482,0.436,0.0459999999999999,6,9,3,0,7,1
2026-09-08,Tue,Hanwha,Doosan,Daejeon,12011,2026-09-06,0.444,0.521,0.077,7,5,2,0,9,1
2026-09-08,Tue,KT,SSG,Suwon,8705,2026-09-06,0.6,0.437,0.1629999999999999,2,8,6,0,1,1
2026-09-08,Tue,LG,Kiwoom,Jamsil,18277,2026-09-06,0.562,0.355,0.207,3,10,7,0,3,1
2026-09-09,Wed,Samsung,KT,Daegu,24000,2026-09-08,0.613,0.603,0.01,1,2,1,0,2,1
2026-09-09,Wed,Hanwha,LG,Daejeon,12024,2026-09-08,0.449,0.557,0.108,7,3,4,0,9,1
2026-09-09,Wed,KIA,NC,Gwangju,12230,2026-09-08,0.555,0.478,0.077,4,6,2,0,4,1
2026-09-09,Wed,Doosan,SSG,Jamsil,18722,2026-09-08,0.517,0.433,0.084,5,9,4,0,5,1
2026-09-10,Thu,SSG,Hanwha,Munhak,17328,2026-09-09,0.438,0.454,0.016,9,7,2,0,6,1
2026-09-10,Thu,Lotte,KT,Sajik,11146,2026-09-09,0.441,0.607,0.1659999999999999,8,2,6,0,8,1
2026-09-10,Thu,KIA,NC,Gwangju,12754,2026-09-09,0.55,0.483,0.067,4,6,2,0,4,1
2026-09-10,Thu,Doosan,Kiwoom,Jamsil,13713,2026-09-09,0.512,0.36,0.152,5,10,5,0,5,1
2026-09-11,Fri,Lotte,KT,Sajik,11569,2026-09-10,0.437,0.61,0.173,9,1,8,0,8,1
2026-09-11,Fri,Hanwha,NC,Daejeon,14278,2026-09-10,0.45,0.487,0.0369999999999999,7,6,1,0,9,1
2026-09-11,Fri,KIA,SSG,Gwangju,16620,2026-09-10,0.545,0.443,0.102,4,8,4,0,4,1
2026-09-11,Fri,Samsung,Kiwoom,Daegu,24000,2026-09-10,0.608,0.357,0.251,2,10,8,0,2,1
2026-09-12,Sat,KT,KIA,Suwon,18700,2026-09-11,0.613,0.549,0.0639999999999999,1,4,3,1,1,1
2026-09-12,Sat,Samsung,LG,Daegu,24000,2026-09-11,0.612,0.553,0.0589999999999999,2,3,1,1,2,1
2026-09-12,Sat,Kiwoom,Lotte,Gocheok,15146,2026-09-11,0.354,0.433,0.079,10,9,1,1,10,1
2026-09-12,Sat,Doosan,NC,Jamsil,23096,2026-09-11,0.516,0.492,0.024,5,6,1,1,5,1
2026-09-13,Sun,KIA,Hanwha,Gwangju,20500,2026-09-12,0.545,0.446,0.099,4,7,3,1,4,1
2026-09-13,Sun,Samsung,LG,Daegu,24000,2026-09-12,0.607,0.556,0.0509999999999999,2,3,1,1,2,1
2026-09-13,Sun,KT,Lotte,Suwon,18700,2026-09-12,0.617,0.438,0.179,1,9,8,1,1,1
2026-09-13,Sun,Doosan,NC,Jamsil,17597,2026-09-12,0.512,0.496,0.016,5,6,1,1,5,1
2026-09-15,Tue,SSG,KIA,Munhak,23000,2026-09-13,0.439,0.548,0.109,8,4,4,0,6,1
2026-09-15,Tue,Hanwha,KT,Daejeon,10287,2026-09-13,0.443,0.62,0.177,7,1,6,0,9,1
2026-09-15,Tue,NC,LG,Changwon,10547,2026-09-13,0.492,0.56,0.068,6,3,3,0,7,1
2026-09-15,Tue,Samsung,Lotte,Daegu,24000,2026-09-13,0.602,0.434,0.1679999999999999,2,9,7,0,2,1
2026-09-16,Wed,Hanwha,KT,Daejeon,10194,2026-09-15,0.439,0.623,0.184,8,1,7,0,9,1
2026-09-16,Wed,NC,LG,Changwon,14180,2026-09-15,0.488,0.563,0.0749999999999999,6,3,3,0,7,1
2026-09-16,Wed,Lotte,SSG,Sajik,10851,2026-09-15,0.431,0.444,0.013,9,7,2,0,8,1
2026-09-16,Wed,Doosan,Samsung,Jamsil,23750,2026-09-15,0.516,0.605,0.0889999999999999,5,2,3,0,5,1
2026-09-17,Thu,NC,SSG,Changwon,10869,2026-09-16,0.484,0.448,0.0359999999999999,6,7,1,0,7,1
2026-09-17,Thu,KIA,Kiwoom,Gwangju,15470,2026-09-16,0.544,0.352,0.192,4,10,6,0,4,1
2026-09-18,Fri,KT,LG,Suwon,18700,2026-09-17,0.623,0.567,0.056,1,3,2,0,1,1
2026-09-18,Fri,Lotte,NC,Sajik,12724,2026-09-17,0.427,0.48,0.0529999999999999,9,6,3,0,8,1
2026-09-18,Fri,Hanwha,Samsung,Daejeon,17000,2026-09-17,0.439,0.6,0.1609999999999999,8,2,6,0,9,1
2026-09-18,Fri,Doosan,Kiwoom,Jamsil,18704,2026-09-17,0.52,0.349,0.171,5,10,5,0,5,1
2026-09-19,Sat,LG,Hanwha,Jamsil,23750,2026-09-18,0.57,0.435,0.1349999999999999,3,8,5,1,3,1
2026-09-19,Sat,NC,KIA,Changwon,18128,2026-09-18,0.476,0.548,0.072,6,4,2,1,7,1
2026-09-19,Sat,KT,Doosan,Suwon,18700,2026-09-18,0.618,0.52,0.0979999999999999,1,5,4,1,1,1
2026-09-19,Sat,Lotte,Samsung,Sajik,23200,2026-09-18,0.432,0.603,0.1709999999999999,9,2,7,1,8,1
2026-09-20,Sun,LG,Hanwha,Jamsil,23750,2026-09-19,0.574,0.432,0.1419999999999999,3,9,6,1,3,1
2026-09-20,Sun,NC,KIA,Changwon,16120,2026-09-19,0.472,0.551,0.079,6,4,2,1,7,1
2026-09-20,Sun,KT,Doosan,Suwon,16606,2026-09-19,0.621,0.516,0.1049999999999999,1,5,4,1,1,1
2026-09-20,Sun,Lotte,Samsung,Sajik,23200,2026-09-19,0.437,0.598,0.1609999999999999,8,2,6,1,8,1
2026-09-20,Sun,SSG,Kiwoom,Munhak,18915,2026-09-19,0.452,0.349,0.103,7,10,3,1,6,1
2026-09-22,Tue,SSG,KT,Munhak,13548,2026-09-20,0.457,0.624,0.1669999999999999,7,1,6,0,6,1
2026-09-22,Tue,Hanwha,Lotte,Daejeon,12538,2026-09-20,0.429,0.441,0.012,9,8,1,0,9,1
2026-09-22,Tue,Samsung,NC,Daegu,24000,2026-09-20,0.594,0.468,0.1259999999999999,2,6,4,0,2,1
2026-09-22,Tue,Kiwoom,Doosan,Gocheok,9426,2026-09-20,0.346,0.512,0.166,10,5,5,0,10,1
2026-09-23,Wed,Doosan,KIA,Jamsil,23750,2026-09-22,0.516,0.555,0.039,5,4,1,0,5,1
2026-09-23,Wed,Hanwha,Lotte,Daejeon,14001,2026-09-22,0.425,0.445,0.02,9,8,1,0,9,1
2026-09-23,Wed,KT,NC,Suwon,12067,2026-09-22,0.627,0.465,0.1619999999999999,1,6,5,0,1,1
2026-09-24,Thu,LG,Lotte,Jamsil,23750,2026-09-23,0.577,0.45,0.1269999999999999,3,8,5,0,3,1
2026-09-24,Thu,KT,NC,Suwon,14726,2026-09-23,0.622,0.469,0.153,1,6,5,0,1,1
2026-09-24,Thu,SSG,Samsung,Munhak,23000,2026-09-23,0.453,0.597,0.1439999999999999,7,2,5,0,6,1
2026-09-25,Fri,NC,Hanwha,Changwon,13972,2026-09-24,0.465,0.422,0.043,6,9,3,0,7,1
2026-09-26,Sat,NC,Hanwha,Changwon,14302,2026-09-25,0.469,0.419,0.0499999999999999,6,9,3,1,7,1
2026-09-26,Sat,KIA,LG,Gwangju,20500,2026-09-25,0.55,0.573,0.0229999999999999,4,3,1,1,4,1
2026-09-26,Sat,KT,Kiwoom,Suwon,18700,2026-09-25,0.625,0.344,0.281,1,10,9,1,1,1
2026-09-27,Sun,Lotte,Hanwha,Sajik,20600,2026-09-26,0.454,0.415,0.039,7,9,2,1,8,1
2026-09-27,Sun,Doosan,KT,Jamsil,22978,2026-09-26,0.519,0.62,0.1009999999999999,5,1,4,1,5,1
2026-09-27,Sun,NC,Kiwoom,Changwon,12336,2026-09-26,0.473,0.348,0.125,6,10,4,1,7,1
2026-09-29,Tue,Samsung,Hanwha,Daegu,23750,2026-09-27,0.6,0.42,0.18,2,9,7,0,2,1
2026-09-29,Tue,KIA,KT,Gwangju,14065,2026-09-27,0.554,0.623,0.0689999999999999,4,1,3,0,4,1
2026-09-29,Tue,SSG,LG,Munhak,15960,2026-09-27,0.45,0.568,0.1179999999999999,8,3,5,0,6,1
2026-09-29,Tue,Doosan,NC,Jamsil,16734,2026-09-27,0.515,0.47,0.045,5,6,1,0,5,1
2026-09-29,Tue,Lotte,Kiwoom,Sajik,12313,2026-09-27,0.45,0.353,0.097,7,10,3,0,8,1
2026-09-30,Wed,Samsung,Hanwha,Daegu,23823,2026-09-29,0.603,0.417,0.186,2,9,7,0,2,1
2026-09-30,Wed,KIA,KT,Gwangju,14163,2026-09-29,0.55,0.626,0.0759999999999999,4,1,3,0,4,1
2026-09-30,Wed,SSG,LG,Munhak,13957,2026-09-29,0.454,0.564,0.1099999999999999,8,3,5,0,6,1
2026-09-30,Wed,Doosan,NC,Jamsil,16994,2026-09-29,0.519,0.466,0.0529999999999999,5,6,1,0,5,1
2026-09-30,Wed,Lotte,Kiwoom,Sajik,12075,2026-09-29,0.455,0.351,0.104,7,10,3,0,8,1
